local,landing_point_mean,latitude,longitude,coord_source,platform_dist_m,platform_dist_km,inside_mpa_name,inside_any_mpa,mpa_dist_m,mpa_dist_km,mpa_boundary_dist_m,mpa_boundary_dist_km,municipality,platform_exposure_class,mpa_exposure_class,combined_exposure_class
AREIA BRANCA,Baixa Grande,-4.931284321002511,-36.9879877205538,exact,28996.411431211287,28.996411431211286,APA Dunas do Rosado,True,0.0,0.0,-738.974157596007,-0.738974157596007,Areia Branca,20-50 km,inside,20-50 km × inside
AREIA BRANCA,Matança,-4.929863992314963,-37.08068852131728,exact,35868.17179980813,35.86817179980813,,False,8297.142199154661,8.297142199154662,8297.142199154661,8.297142199154662,Areia Branca,20-50 km,0-10 km,20-50 km × 0-10 km
AREIA BRANCA,Morro Pintado,-4.940236526252264,-36.93005097747947,exact,26696.264494309697,26.6962644943097,APA Dunas do Rosado,True,0.0,0.0,-656.8049604098825,-0.6568049604098825,Areia Branca,20-50 km,inside,20-50 km × inside
AREIA BRANCA,Ponta do Mel,-4.925432268385885,-37.11270590450727,exact,38333.5788671653,38.3335788671653,,False,11848.863410430833,11.848863410430834,11848.863410430833,11.848863410430834,Areia Branca,20-50 km,10-25 km,20-50 km × 10-25 km
AREIA BRANCA,Redonda,-4.951770140594697,-36.89743178981018,exact,26728.219838045134,26.728219838045135,APA Dunas do Rosado,True,0.0,0.0,-888.2156042717397,-0.8882156042717397,Areia Branca,20-50 km,inside,20-50 km × inside
AREIA BRANCA,São Cristóvão,-4.947833889792277,-37.05058540527553,exact,34831.07988965499,34.83107988965499,,False,4957.529629542506,4.957529629542506,4957.529629542506,4.957529629542506,Areia Branca,20-50 km,0-10 km,20-50 km × 0-10 km
AREIA BRANCA,Upanema,-4.919653577604059,-36.95856103352911,exact,26118.944352602266,26.118944352602266,APA Dunas do Rosado,True,0.0,0.0,-709.2108089091364,-0.7092108089091365,Areia Branca,20-50 km,inside,20-50 km × inside
AREIA BRANCA,Zé Figueira,-4.940229916945483,-37.01828512850523,exact,31831.31808567615,31.83131808567615,,False,1374.5975139106686,1.3745975139106685,1374.5975139106686,1.3745975139106685,Areia Branca,20-50 km,0-10 km,20-50 km × 0-10 km
CAICARA DO NORTE,Morada Nova,-5.064928603554005,-36.07101599744643,exact,27543.634207691437,27.543634207691436,,False,36796.89657900764,36.79689657900764,36796.89657900764,36.79689657900764,Caiçara do Norte,20-50 km,25-50 km,20-50 km × 25-50 km
CAICARA DO NORTE,Sede,-5.149659447940746,-36.04814451469139,exact,35899.56586183768,35.89956586183768,,False,39292.806922264484,39.29280692226448,39292.806922264484,39.29280692226448,Caiçara do Norte,20-50 km,25-50 km,20-50 km × 25-50 km
GALINHOS,Galos,-5.095352694945626,-36.20624667475862,exact,21764.4741498777,21.7644741498777,,False,21774.377887425784,21.774377887425786,21774.377887425784,21.774377887425786,Galinhos,20-50 km,10-25 km,20-50 km × 10-25 km
GROSSOS,Areias Alvas,-4.892776878574419,-37.21178130112545,exact,45969.53427291194,45.969534272911936,,False,23109.82217650522,23.10982217650522,23109.82217650522,23.10982217650522,Grossos,20-50 km,10-25 km,20-50 km × 10-25 km
GROSSOS,Pernambuquinho,-4.914548516398247,-37.18569746845682,exact,44484.77827769654,44.48477827769654,,False,19976.915688770383,19.976915688770383,19976.915688770383,19.976915688770383,Grossos,20-50 km,10-25 km,20-50 km × 10-25 km
GROSSOS,Sede,-4.938470784785444,-37.16204930231303,exact,43634.5241592095,43.6345241592095,,False,17321.834393493606,17.321834393493607,17321.834393493606,17.321834393493607,Grossos,20-50 km,10-25 km,20-50 km × 10-25 km
GUAMARE,Amaro,-5.093413301837474,-36.32143938603708,exact,17434.265381728495,17.434265381728494,,False,8993.079955709514,8.993079955709515,8993.079955709514,8.993079955709515,Guamaré,0-20 km,0-10 km,0-20 km × 0-10 km
GUAMARE,Sede,-5.085746505744687,-36.39164119897589,exact,13610.610052445601,13.610610052445601,,False,1207.231749257386,1.2072317492573859,1207.231749257386,1.2072317492573859,Guamaré,0-20 km,0-10 km,0-20 km × 0-10 km
MACAU,Barreiras,-5.061947994159254,-36.50638780624514,exact,8156.148337102842,8.156148337102842,RDS Ponta do Tubarão,True,0.0,0.0,-1922.9287785452375,-1.9229287785452376,Macau,0-20 km,inside,0-20 km × inside
MACAU,Diogo Lopes,-5.086593330740029,-36.66344588806127,exact,11505.397725858282,11.505397725858282,,False,12151.42080813784,12.151420808137841,12151.42080813784,12.151420808137841,Macau,0-20 km,10-25 km,0-20 km × 10-25 km
MACAU,Porto da Areia,-5.087731868559231,-36.54233381460647,exact,6959.967973738449,6.959967973738449,,False,1051.04931857013,1.05104931857013,1051.04931857013,1.05104931857013,Macau,0-20 km,0-10 km,0-20 km × 0-10 km
MACAU,Porto de São Pedro,-5.084034062736216,-36.5867758170263,exact,5754.55905443802,5.75455905443802,,False,5393.194987697581,5.393194987697582,5393.194987697581,5.393194987697582,Macau,0-20 km,0-10 km,0-20 km × 0-10 km
MACAU,Sertãozinho,-5.094262170998853,-36.61371432508926,exact,8017.522430129431,8.01752243012943,,False,8520.886142278354,8.520886142278354,8520.886142278354,8.520886142278354,Macau,0-20 km,0-10 km,0-20 km × 0-10 km
MACAU,Soledade,-5.066917186953133,-36.45803660622718,exact,11819.331175772488,11.819331175772488,RDS Ponta do Tubarão,True,0.0,0.0,-2207.5655385873556,-2.207565538587356,Macau,0-20 km,inside,0-20 km × inside
PORTO DO MANGUE,Logradouro,-5.060085787165176,-36.7497874579974,exact,19695.51938451501,19.69551938451501,,False,2251.9596983991582,2.2519596983991583,2251.9596983991582,2.2519596983991583,Porto do Mangue,0-20 km,0-10 km,0-20 km × 0-10 km
PORTO DO MANGUE,Rosado,-4.992958193457964,-36.83981805592954,exact,29804.698617353377,29.804698617353377,APA Dunas do Rosado,True,0.0,0.0,-649.4666642507414,-0.6494666642507414,Porto do Mangue,20-50 km,inside,20-50 km × inside
PORTO DO MANGUE,Sede,-5.037559675495645,-36.79870863555735,exact,24906.930162058197,24.9069301620582,APA Dunas do Rosado,True,0.0,0.0,-462.27222863419934,-0.4622722286341993,Porto do Mangue,20-50 km,inside,20-50 km × inside
TIBAU,Emanoelas,-4.848717298193558,-37.24212931149628,exact,47340.25679503974,47.34025679503974,,False,27519.34457654446,27.51934457654446,27519.34457654446,27.51934457654446,Tibau,20-50 km,25-50 km,20-50 km × 25-50 km
TIBAU,Sede,-4.87132601932674,-37.40877012606223,exact,65788.28736360584,65.78828736360583,,False,45077.06491693811,45.077064916938106,45077.06491693811,45.077064916938106,Tibau,50-100 km,25-50 km,50-100 km × 25-50 km
